<?xml version="1.0" encoding="UTF-8"?>
<manifest identifier="man00001" xmlns:bb="http://www.blackboard.com/content-packaging/">
<organizations/>
<resources>
<resource bb:file="res00001.dat" bb:title="totalbenefit_b_1" identifier="res00001" type="assessment/x-bb-qti-pool" xml:base="res00001"/>
<resource bb:file="res00002.dat" bb:title="totalbenefit_b_2" identifier="res00002" type="assessment/x-bb-qti-pool" xml:base="res00002"/>
<resource bb:file="res00003.dat" bb:title="AA_Topic_4_MC" identifier="res00003" type="assessment/x-bb-qti-pool" xml:base="res00003"/>
<resource bb:file="res00004.dat" bb:title="AA_Topic_4_MC_SE_1" identifier="res00004" type="assessment/x-bb-qti-pool" xml:base="res00004"/>
<resource bb:file="res00005.dat" bb:title="producersurplus-test" identifier="res00005" type="assessment/x-bb-qti-test" xml:base="res00005"/>
</resources>
</manifest>
